"Name","test_acc","test_acc_std","node_degree","num_feats","model","num_classes","num_nodes","State","Notes","User","Tags","Created","Runtime","Sweep","add_hp","add_lp","adjoint","adjoint_method","adjoint_step_size","chebyshev_layers_K","command","cuda","d","dataset","deg_normalised","device","dim_list","dropout","dual_diag","dual_diff_strength","dual_left_linear","dual_linear","dual_normalised","dual_right_linear","early_stopping","earlystopxT","edge_noise","edge_weights","ellipsoid_radius","ellipsoids","entity","epochs","evectors","feat_noise","folds","graph_size","het","hidden_channels","input_dim","input_dropout","just_add_noise","layers","learn_first_maps","left_weights","linear","lr","max_iters","max_nfe","max_t","max_test_steps","method","min_acc","new_synth_data","new_synth_edges","no_early","node_edge_sims_time_dependent","normalised","num_of_convolutions","orth","output_dim","parameters.cuda","parameters.dataset","parameters.early_stopping","parameters.edge_noise","parameters.ellipsoids","parameters.epochs","parameters.feat_noise","parameters.feat_noises","parameters.het_coef","parameters.het_coefs","parameters.lr","parameters.models","parameters.node_degree","parameters.num_classes","parameters.num_classess","parameters.num_feats","parameters.num_nodes","parameters.num_nodess","parameters.seed","parameters.sheaf_decay","parameters.weight_decay","program","project","right_weights","rotation_invariant_sheaf_learner","second_linear","seed","sha","sheaf_act","sheaf_decay","sheaf_init","sparse_learner","step_size","stop_strategy","tol_scale","tol_scale_adjoint","use_act","use_embedding","use_epsilons","weight_decay","zero_laplacian","best_epoch","best_test_acc","best_val_acc","fold0_tmp_test_acc","fold0_tmp_test_loss","fold0_train_acc","fold0_train_loss","fold0_val_acc","fold0_val_loss","val_acc"
"peachy-sweep-97","95.5","3.6742346141747664","4","4","DiagSheafChebyshev","2","400","finished","-","","","2025-09-30T23:19:22.000Z","88","1z4h0de1","false","false","false","adaptive_heun","1","3","","1","2","synthetic_exp","false","cuda:1","[]","0","false","1","false","true","true","false","200","3","0","true","1","false","","1500","0","0","10","200","0.5","20","10","0","false","2","false","true","false","0.01","100","1000","1","100","","0","false","false","false","false","true","1","householder","2","","","","","","","","","","","","","","","","","","","","","","","","true","false","false","43","7735f86c5f103e2db31b70210b94f07297018a51","tanh","0.0005","true","false","1","loss","1","1","true","true","true","0.0005","false","1499","0.975","1","0.975","0.1684187352657318","1","0.0002928855537902564","0.975","0.051685579121112823","95.5"
"swept-sweep-81","95","4.743416490252569","4","4","GeneralSheafChebyshev","2","400","finished","-","","","2025-09-30T22:55:39.000Z","85","1z4h0de1","false","false","false","adaptive_heun","1","3","","1","2","synthetic_exp","false","cuda:1","[]","0","false","1","false","true","true","false","200","3","0","true","1","false","","1500","0","0","10","200","0.25","20","10","0","false","2","false","true","false","0.01","100","1000","1","100","","0","false","false","false","false","true","1","householder","2","","","","","","","","","","","","","","","","","","","","","","","","true","false","false","43","7735f86c5f103e2db31b70210b94f07297018a51","tanh","0.0005","true","false","1","loss","1","1","true","true","true","0.0005","false","33","0.9","0.975","0.9","0.6178609728813171","1","0.0003788458998315036","0.875","0.639959990978241","97.25"
"robust-sweep-209","96.75","3.172144385112379","4","4","BundleSheafChebyshev","2","400","finished","-","","","2025-10-01T02:09:40.000Z","87","1z4h0de1","false","false","false","adaptive_heun","1","3","","1","2","synthetic_exp","false","cuda:1","[]","0","false","1","false","true","true","false","200","3","0","true","1","false","","1500","0","0","10","200","1","20","10","0","false","2","false","true","false","0.01","100","1000","1","100","","0","false","false","false","false","true","1","householder","2","","","","","","","","","","","","","","","","","","","","","","","","true","false","false","43","7735f86c5f103e2db31b70210b94f07297018a51","tanh","0.0005","true","false","1","loss","1","1","true","true","true","0.0005","false","333","0.95","0.925","0.975","0.071340411901474","1","0.0004414014401845634","1","0.02653397247195244","97.25"
"solar-sweep-145","95.5","3.6742346141747664","4","4","DiagSheafChebyshev","2","400","finished","-","","","2025-10-01T00:33:22.000Z","87","1z4h0de1","false","false","false","adaptive_heun","1","3","","1","2","synthetic_exp","false","cuda:1","[]","0","false","1","false","true","true","false","200","3","0","true","1","false","","1500","0","0","10","200","0.75","20","10","0","false","2","false","true","false","0.01","100","1000","1","100","","0","false","false","false","false","true","1","householder","2","","","","","","","","","","","","","","","","","","","","","","","","true","false","false","43","7735f86c5f103e2db31b70210b94f07297018a51","tanh","0.0005","true","false","1","loss","1","1","true","true","true","0.0005","false","1499","0.975","1","0.975","0.16841933131217957","1","0.0002928855537902564","0.975","0.05168497562408447","95.5"
"usual-sweep-129","95","4.743416490252569","4","4","GeneralSheafChebyshev","2","400","finished","-","","","2025-10-01T00:09:01.000Z","84","1z4h0de1","false","false","false","adaptive_heun","1","3","","1","2","synthetic_exp","false","cuda:1","[]","0","false","1","false","true","true","false","200","3","0","true","1","false","","1500","0","0","10","200","0.5","20","10","0","false","2","false","true","false","0.01","100","1000","1","100","","0","false","false","false","false","true","1","householder","2","","","","","","","","","","","","","","","","","","","","","","","","true","false","false","43","7735f86c5f103e2db31b70210b94f07297018a51","tanh","0.0005","true","false","1","loss","1","1","true","true","true","0.0005","false","33","0.9","0.975","0.9","0.4145264625549317","1","0.0004505789838731289","0.875","0.45625966787338257","97.25"
"frosty-sweep-225","95","4.743416490252569","4","4","GeneralSheafChebyshev","2","400","finished","-","","","2025-10-01T02:34:50.000Z","79","1z4h0de1","false","false","false","adaptive_heun","1","3","","1","2","synthetic_exp","false","cuda:1","[]","0","false","1","false","true","true","false","200","3","0","true","1","false","","1500","0","0","10","200","1","20","10","0","false","2","false","true","false","0.01","100","1000","1","100","","0","false","false","false","false","true","1","householder","2","","","","","","","","","","","","","","","","","","","","","","","","true","false","false","43","7735f86c5f103e2db31b70210b94f07297018a51","tanh","0.0005","true","false","1","loss","1","1","true","true","true","0.0005","false","33","0.9","0.975","0.9","0.7925993204116821","1","0.0005933393840678036","0.8","0.859908938407898","97.25"
"blooming-sweep-161","96.75","3.172144385112379","4","4","BundleSheafChebyshev","2","400","finished","-","","","2025-10-01T00:56:40.000Z","90","1z4h0de1","false","false","false","adaptive_heun","1","3","","1","2","synthetic_exp","false","cuda:1","[]","0","false","1","false","true","true","false","200","3","0","true","1","false","","1500","0","0","10","200","0.75","20","10","0","false","2","false","true","false","0.01","100","1000","1","100","","0","false","false","false","false","true","1","householder","2","","","","","","","","","","","","","","","","","","","","","","","","true","false","false","43","7735f86c5f103e2db31b70210b94f07297018a51","tanh","0.0005","true","false","1","loss","1","1","true","true","true","0.0005","false","333","0.95","0.925","0.975","0.07134048640727997","1","0.0004414004506543278","1","0.026533927768468857","97.25"
"flowing-sweep-177","95","4.743416490252569","4","4","GeneralSheafChebyshev","2","400","finished","-","","","2025-10-01T01:21:45.000Z","86","1z4h0de1","false","false","false","adaptive_heun","1","3","","1","2","synthetic_exp","false","cuda:1","[]","0","false","1","false","true","true","false","200","3","0","true","1","false","","1500","0","0","10","200","0.75","20","10","0","false","2","false","true","false","0.01","100","1000","1","100","","0","false","false","false","false","true","1","householder","2","","","","","","","","","","","","","","","","","","","","","","","","true","false","false","43","7735f86c5f103e2db31b70210b94f07297018a51","tanh","0.0005","true","false","1","loss","1","1","true","true","true","0.0005","false","33","0.9","0.975","0.9","0.5161513090133667","1","0.0003794510557781905","0.825","0.524352490901947","97.25"
"proud-sweep-49","95.5","3.6742346141747664","4","4","DiagSheafChebyshev","2","400","finished","-","","","2025-09-30T22:06:21.000Z","70","1z4h0de1","false","false","false","adaptive_heun","1","3","","1","2","synthetic_exp","false","cuda:1","[]","0","false","1","false","true","true","false","200","3","0","true","1","false","","1500","0","0","10","200","0.25","20","10","0","false","2","false","true","false","0.01","100","1000","1","100","","0","false","false","false","false","true","1","householder","2","","","","","","","","","","","","","","","","","","","","","","","","true","false","false","43","7735f86c5f103e2db31b70210b94f07297018a51","tanh","0.0005","true","false","1","loss","1","1","true","true","true","0.0005","false","1499","0.975","1","0.975","0.1684185117483139","1","0.0002928855537902564","0.975","0.05168585106730461","95.5"
"clear-sweep-65","96.75","3.172144385112379","4","4","BundleSheafChebyshev","2","400","finished","-","","","2025-09-30T22:30:34.000Z","96","1z4h0de1","false","false","false","adaptive_heun","1","3","","1","2","synthetic_exp","false","cuda:1","[]","0","false","1","false","true","true","false","200","3","0","true","1","false","","1500","0","0","10","200","0.25","20","10","0","false","2","false","true","false","0.01","100","1000","1","100","","0","false","false","false","false","true","1","householder","2","","","","","","","","","","","","","","","","","","","","","","","","true","false","false","43","7735f86c5f103e2db31b70210b94f07297018a51","tanh","0.0005","true","false","1","loss","1","1","true","true","true","0.0005","false","333","0.95","0.925","0.975","0.07134050875902176","1","0.0004414004506543278","1","0.026533901691436768","97.25"
"cerulean-sweep-33","95","4.743416490252569","4","4","GeneralSheafChebyshev","2","400","finished","-","","","2025-09-30T21:42:54.000Z","88","1z4h0de1","false","false","false","adaptive_heun","1","3","","1","2","synthetic_exp","false","cuda:1","[]","0","false","1","false","true","true","false","200","3","0","true","1","false","","1500","0","0","10","200","0","20","10","0","false","2","false","true","false","0.01","100","1000","1","100","","0","false","false","false","false","true","1","householder","2","","","","","","","","","","","","","","","","","","","","","","","","true","false","false","43","7735f86c5f103e2db31b70210b94f07297018a51","tanh","0.0005","true","false","1","loss","1","1","true","true","true","0.0005","false","33","0.9","0.975","0.9","0.5380626916885376","1","0.0003776181838475168","0.85","0.4996183514595032","97.25"
"stellar-sweep-17","96.75","3.172144385112379","4","4","BundleSheafChebyshev","2","400","finished","-","","","2025-09-30T21:13:10.000Z","118","1z4h0de1","false","false","false","adaptive_heun","1","3","","1","2","synthetic_exp","false","cuda:1","[]","0","false","1","false","true","true","false","200","3","0","true","1","false","","1500","0","0","10","200","0","20","10","0","false","2","false","true","false","0.01","100","1000","1","100","","0","false","false","false","false","true","1","householder","2","","","","","","","","","","","","","","","","","","","","","","","","true","false","false","43","7735f86c5f103e2db31b70210b94f07297018a51","tanh","0.0005","true","false","1","loss","1","1","true","true","true","0.0005","false","333","0.95","0.925","0.975","0.0713404193520546","1","0.0004414004506543278","1","0.026533890515565872","97.25"
"blooming-sweep-113","96.75","3.172144385112379","4","4","BundleSheafChebyshev","2","400","finished","-","","","2025-09-30T23:43:25.000Z","92","1z4h0de1","false","false","false","adaptive_heun","1","3","","1","2","synthetic_exp","false","cuda:1","[]","0","false","1","false","true","true","false","200","3","0","true","1","false","","1500","0","0","10","200","0.5","20","10","0","false","2","false","true","false","0.01","100","1000","1","100","","0","false","false","false","false","true","1","householder","2","","","","","","","","","","","","","","","","","","","","","","","","true","false","false","43","7735f86c5f103e2db31b70210b94f07297018a51","tanh","0.0005","true","false","1","loss","1","1","true","true","true","0.0005","false","333","0.95","0.925","0.975","0.07134053111076355","1","0.00044139946112409234","1","0.026533912867307663","97.25"
"sage-sweep-1","95.5","3.6742346141747664","4","4","DiagSheafChebyshev","2","400","finished","-","","","2025-09-30T20:39:13.000Z","79","1z4h0de1","false","false","false","adaptive_heun","1","3","","1","2","synthetic_exp","false","cuda:1","[]","0","false","1","false","true","true","false","200","3","0","true","1","false","","1500","0","0","10","200","0","20","10","0","false","2","false","true","false","0.01","100","1000","1","100","","0","false","false","false","false","true","1","householder","2","","","","","","","","","","","","","","","","","","","","","","","","true","false","false","43","7735f86c5f103e2db31b70210b94f07297018a51","tanh","0.0005","true","false","1","loss","1","1","true","true","true","0.0005","false","1499","0.975","1","0.975","0.1684190034866333","1","0.0002928855537902564","0.975","0.051685236394405365","95.5"
"robust-sweep-193","95.5","3.6742346141747664","4","4","DiagSheafChebyshev","2","400","finished","-","","","2025-10-01T01:45:12.000Z","95","1z4h0de1","false","false","false","adaptive_heun","1","3","","1","2","synthetic_exp","false","cuda:1","[]","0","false","1","false","true","true","false","200","3","0","true","1","false","","1500","0","0","10","200","1","20","10","0","false","2","false","true","false","0.01","100","1000","1","100","","0","false","false","false","false","true","1","householder","2","","","","","","","","","","","","","","","","","","","","","","","","true","false","false","43","7735f86c5f103e2db31b70210b94f07297018a51","tanh","0.0005","true","false","1","loss","1","1","true","true","true","0.0005","false","1499","0.975","1","0.975","0.16841834783554077","1","0.00029288657242432237","0.975","0.051685433834791183","95.5"
"whole-sweep-22","96.75","3.172144385112379","4","4","BundleSheafChebyshev","3","600","finished","-","","","2025-09-30T21:22:54.000Z","117","1z4h0de1","false","false","false","adaptive_heun","1","3","","1","2","synthetic_exp","false","cuda:1","[]","0","false","1","false","true","true","false","200","3","0","true","1","false","","1500","0","0","10","200","0","20","10","0","false","2","false","true","false","0.01","100","1000","1","100","","0","false","false","false","false","true","1","householder","2","","","","","","","","","","","","","","","","","","","","","","","","true","false","false","43","7735f86c5f103e2db31b70210b94f07297018a51","tanh","0.0005","true","false","1","loss","1","1","true","true","true","0.0005","false","333","0.95","0.925","0.975","0.07134046405553818","1","0.0004414004506543278","1","0.02653386816382408","97.25"
"lilac-sweep-150","95.5","3.6742346141747664","4","4","DiagSheafChebyshev","3","600","finished","-","","","2025-10-01T00:40:42.000Z","87","1z4h0de1","false","false","false","adaptive_heun","1","3","","1","2","synthetic_exp","false","cuda:1","[]","0","false","1","false","true","true","false","200","3","0","true","1","false","","1500","0","0","10","200","0.75","20","10","0","false","2","false","true","false","0.01","100","1000","1","100","","0","false","false","false","false","true","1","householder","2","","","","","","","","","","","","","","","","","","","","","","","","true","false","false","43","7735f86c5f103e2db31b70210b94f07297018a51","tanh","0.0005","true","false","1","loss","1","1","true","true","true","0.0005","false","1499","0.975","1","0.975","0.16841840744018555","1","0.00029288456426002085","0.975","0.05168568342924118","95.5"
"neat-sweep-70","96.75","3.172144385112379","4","4","BundleSheafChebyshev","3","600","finished","-","","","2025-09-30T22:38:45.000Z","94","1z4h0de1","false","false","false","adaptive_heun","1","3","","1","2","synthetic_exp","false","cuda:1","[]","0","false","1","false","true","true","false","200","3","0","true","1","false","","1500","0","0","10","200","0.25","20","10","0","false","2","false","true","false","0.01","100","1000","1","100","","0","false","false","false","false","true","1","householder","2","","","","","","","","","","","","","","","","","","","","","","","","true","false","false","43","7735f86c5f103e2db31b70210b94f07297018a51","tanh","0.0005","true","false","1","loss","1","1","true","true","true","0.0005","false","333","0.95","0.925","0.975","0.07134044915437698","1","0.0004414014401845634","1","0.026533905416727063","97.25"
"skilled-sweep-6","95.5","3.6742346141747664","4","4","DiagSheafChebyshev","3","600","finished","-","","","2025-09-30T20:48:26.000Z","133","1z4h0de1","false","false","false","adaptive_heun","1","3","","1","2","synthetic_exp","false","cuda:1","[]","0","false","1","false","true","true","false","200","3","0","true","1","false","","1500","0","0","10","200","0","20","10","0","false","2","false","true","false","0.01","100","1000","1","100","","0","false","false","false","false","true","1","householder","2","","","","","","","","","","","","","","","","","","","","","","","","true","false","false","43","7735f86c5f103e2db31b70210b94f07297018a51","tanh","0.0005","true","false","1","loss","1","1","true","true","true","0.0005","false","1499","0.975","1","0.975","0.16841834783554077","1","0.00029288456426002085","0.975","0.05168573930859566","95.5"
"lilac-sweep-182","96.25","4.069705149024926","4","4","GeneralSheafChebyshev","3","600","finished","-","","","2025-10-01T01:29:05.000Z","84","1z4h0de1","false","false","false","adaptive_heun","1","3","","1","2","synthetic_exp","false","cuda:1","[]","0","false","1","false","true","true","false","200","3","0","true","1","false","","1500","0","0","10","200","0.75","20","10","0","false","2","false","true","false","0.01","100","1000","1","100","","0","false","false","false","false","true","1","householder","2","","","","","","","","","","","","","","","","","","","","","","","","true","false","false","43","7735f86c5f103e2db31b70210b94f07297018a51","tanh","0.0005","true","false","1","loss","1","1","true","true","true","0.0005","false","40","0.9","1","0.95","0.1915132701396942","1","0.0004662669962272048","0.9","0.33625689148902893","97.5"
"whole-sweep-102","95.5","3.6742346141747664","4","4","DiagSheafChebyshev","3","600","finished","-","","","2025-09-30T23:27:38.000Z","96","1z4h0de1","false","false","false","adaptive_heun","1","3","","1","2","synthetic_exp","false","cuda:1","[]","0","false","1","false","true","true","false","200","3","0","true","1","false","","1500","0","0","10","200","0.5","20","10","0","false","2","false","true","false","0.01","100","1000","1","100","","0","false","false","false","false","true","1","householder","2","","","","","","","","","","","","","","","","","","","","","","","","true","false","false","43","7735f86c5f103e2db31b70210b94f07297018a51","tanh","0.0005","true","false","1","loss","1","1","true","true","true","0.0005","false","1499","0.975","1","0.975","0.16841821372509003","1","0.00029288456426002085","0.975","0.05168562009930611","95.5"
"peach-sweep-230","95","4.743416490252569","4","4","GeneralSheafChebyshev","3","600","finished","-","","","2025-10-01T02:42:41.000Z","75","1z4h0de1","false","false","false","adaptive_heun","1","3","","1","2","synthetic_exp","false","cuda:1","[]","0","false","1","false","true","true","false","200","3","0","true","1","false","","1500","0","0","10","200","1","20","10","0","false","2","false","true","false","0.01","100","1000","1","100","","0","false","false","false","false","true","1","householder","2","","","","","","","","","","","","","","","","","","","","","","","","true","false","false","43","7735f86c5f103e2db31b70210b94f07297018a51","tanh","0.0005","true","false","1","loss","1","1","true","true","true","0.0005","false","33","0.9","0.975","0.9","0.6064901351928711","1","0.0003861843724735081","0.875","0.5496066808700562","97.25"
"exalted-sweep-118","96.75","3.172144385112379","4","4","BundleSheafChebyshev","3","600","finished","-","","","2025-09-30T23:51:21.000Z","94","1z4h0de1","false","false","false","adaptive_heun","1","3","","1","2","synthetic_exp","false","cuda:1","[]","0","false","1","false","true","true","false","200","3","0","true","1","false","","1500","0","0","10","200","0.5","20","10","0","false","2","false","true","false","0.01","100","1000","1","100","","0","false","false","false","false","true","1","householder","2","","","","","","","","","","","","","","","","","","","","","","","","true","false","false","43","7735f86c5f103e2db31b70210b94f07297018a51","tanh","0.0005","true","false","1","loss","1","1","true","true","true","0.0005","false","333","0.95","0.925","0.975","0.07134042680263519","1","0.0004414014401845634","1","0.026533911004662514","97.25"
"colorful-sweep-214","96.75","3.172144385112379","4","4","BundleSheafChebyshev","3","600","finished","-","","","2025-10-01T02:17:31.000Z","87","1z4h0de1","false","false","false","adaptive_heun","1","3","","1","2","synthetic_exp","false","cuda:1","[]","0","false","1","false","true","true","false","200","3","0","true","1","false","","1500","0","0","10","200","1","20","10","0","false","2","false","true","false","0.01","100","1000","1","100","","0","false","false","false","false","true","1","householder","2","","","","","","","","","","","","","","","","","","","","","","","","true","false","false","43","7735f86c5f103e2db31b70210b94f07297018a51","tanh","0.0005","true","false","1","loss","1","1","true","true","true","0.0005","false","333","0.95","0.925","0.975","0.07134044915437698","1","0.0004414004506543278","1","0.02653394266963005","97.25"
"true-sweep-38","95","4.743416490252569","4","4","GeneralSheafChebyshev","3","600","finished","-","","","2025-09-30T21:50:24.000Z","69","1z4h0de1","false","false","false","adaptive_heun","1","3","","1","2","synthetic_exp","false","cuda:1","[]","0","false","1","false","true","true","false","200","3","0","true","1","false","","1500","0","0","10","200","0","20","10","0","false","2","false","true","false","0.01","100","1000","1","100","","0","false","false","false","false","true","1","householder","2","","","","","","","","","","","","","","","","","","","","","","","","true","false","false","43","7735f86c5f103e2db31b70210b94f07297018a51","tanh","0.0005","true","false","1","loss","1","1","true","true","true","0.0005","false","33","0.9","0.975","0.9","0.5783976912498474","1","0.00039511144859716296","0.85","0.5883941650390625","97.25"
"worldly-sweep-86","95","4.743416490252569","4","4","GeneralSheafChebyshev","3","600","finished","-","","","2025-09-30T23:02:33.000Z","85","1z4h0de1","false","false","false","adaptive_heun","1","3","","1","2","synthetic_exp","false","cuda:1","[]","0","false","1","false","true","true","false","200","3","0","true","1","false","","1500","0","0","10","200","0.25","20","10","0","false","2","false","true","false","0.01","100","1000","1","100","","0","false","false","false","false","true","1","householder","2","","","","","","","","","","","","","","","","","","","","","","","","true","false","false","43","7735f86c5f103e2db31b70210b94f07297018a51","tanh","0.0005","true","false","1","loss","1","1","true","true","true","0.0005","false","33","0.9","0.975","0.875","0.7339863777160645","1","0.0006046357448212802","0.825","1.0309456586837769","97.25"
"balmy-sweep-166","96.75","3.172144385112379","4","4","BundleSheafChebyshev","3","600","finished","-","","","2025-10-01T01:04:10.000Z","96","1z4h0de1","false","false","false","adaptive_heun","1","3","","1","2","synthetic_exp","false","cuda:1","[]","0","false","1","false","true","true","false","200","3","0","true","1","false","","1500","0","0","10","200","0.75","20","10","0","false","2","false","true","false","0.01","100","1000","1","100","","0","false","false","false","false","true","1","householder","2","","","","","","","","","","","","","","","","","","","","","","","","true","false","false","43","7735f86c5f103e2db31b70210b94f07297018a51","tanh","0.0005","true","false","1","loss","1","1","true","true","true","0.0005","false","333","0.95","0.925","0.975","0.07134056836366653","1","0.0004414014401845634","1","0.026534000411629677","97.25"
"silver-sweep-134","95","4.743416490252569","4","4","GeneralSheafChebyshev","3","600","finished","-","","","2025-10-01T00:17:09.000Z","86","1z4h0de1","false","false","false","adaptive_heun","1","3","","1","2","synthetic_exp","false","cuda:1","[]","0","false","1","false","true","true","false","200","3","0","true","1","false","","1500","0","0","10","200","0.5","20","10","0","false","2","false","true","false","0.01","100","1000","1","100","","0","false","false","false","false","true","1","householder","2","","","","","","","","","","","","","","","","","","","","","","","","true","false","false","43","7735f86c5f103e2db31b70210b94f07297018a51","tanh","0.0005","true","false","1","loss","1","1","true","true","true","0.0005","false","33","0.9","0.975","0.925","0.5679726600646973","1","0.0008427585707977414","0.75","1.4646422863006592","97.25"
"iconic-sweep-54","95.5","3.6742346141747664","4","4","DiagSheafChebyshev","3","600","finished","-","","","2025-09-30T22:14:01.000Z","94","1z4h0de1","false","false","false","adaptive_heun","1","3","","1","2","synthetic_exp","false","cuda:1","[]","0","false","1","false","true","true","false","200","3","0","true","1","false","","1500","0","0","10","200","0.25","20","10","0","false","2","false","true","false","0.01","100","1000","1","100","","0","false","false","false","false","true","1","householder","2","","","","","","","","","","","","","","","","","","","","","","","","true","false","false","43","7735f86c5f103e2db31b70210b94f07297018a51","tanh","0.0005","true","false","1","loss","1","1","true","true","true","0.0005","false","1499","0.975","1","0.975","0.168418750166893","1","0.0002928855537902564","0.975","0.05168562009930611","95.5"
"elated-sweep-198","95.5","3.6742346141747664","4","4","DiagSheafChebyshev","3","600","finished","-","","","2025-10-01T01:53:18.000Z","88","1z4h0de1","false","false","false","adaptive_heun","1","3","","1","2","synthetic_exp","false","cuda:1","[]","0","false","1","false","true","true","false","200","3","0","true","1","false","","1500","0","0","10","200","1","20","10","0","false","2","false","true","false","0.01","100","1000","1","100","","0","false","false","false","false","true","1","householder","2","","","","","","","","","","","","","","","","","","","","","","","","true","false","false","43","7735f86c5f103e2db31b70210b94f07297018a51","tanh","0.0005","true","false","1","loss","1","1","true","true","true","0.0005","false","1499","0.975","1","0.975","0.16841910779476166","1","0.00029288456426002085","0.975","0.051685284823179245","95.5"
"dazzling-sweep-123","96.75","3.172144385112379","4","4","BundleSheafChebyshev","4","800","finished","-","","","2025-09-30T23:59:27.000Z","91","1z4h0de1","false","false","false","adaptive_heun","1","3","","1","2","synthetic_exp","false","cuda:1","[]","0","false","1","false","true","true","false","200","3","0","true","1","false","","1500","0","0","10","200","0.5","20","10","0","false","2","false","true","false","0.01","100","1000","1","100","","0","false","false","false","false","true","1","householder","2","","","","","","","","","","","","","","","","","","","","","","","","true","false","false","43","7735f86c5f103e2db31b70210b94f07297018a51","tanh","0.0005","true","false","1","loss","1","1","true","true","true","0.0005","false","333","0.95","0.925","0.975","0.07134052366018295","1","0.0004414004506543278","1","0.02653389610350132","97.25"
"misty-sweep-11","95.5","3.6742346141747664","4","4","DiagSheafChebyshev","4","800","finished","-","","","2025-09-30T20:59:18.000Z","137","1z4h0de1","false","false","false","adaptive_heun","1","3","","1","2","synthetic_exp","false","cuda:1","[]","0","false","1","false","true","true","false","200","3","0","true","1","false","","1500","0","0","10","200","0","20","10","0","false","2","false","true","false","0.01","100","1000","1","100","","0","false","false","false","false","true","1","householder","2","","","","","","","","","","","","","","","","","","","","","","","","true","false","false","43","7735f86c5f103e2db31b70210b94f07297018a51","tanh","0.0005","true","false","1","loss","1","1","true","true","true","0.0005","false","1499","0.975","1","0.975","0.16841885447502136","1","0.00029288456426002085","0.975","0.05168565362691879","95.5"
"lilac-sweep-27","96.75","3.172144385112379","4","4","BundleSheafChebyshev","4","800","finished","-","","","2025-09-30T21:32:18.000Z","103","1z4h0de1","false","false","false","adaptive_heun","1","3","","1","2","synthetic_exp","false","cuda:1","[]","0","false","1","false","true","true","false","200","3","0","true","1","false","","1500","0","0","10","200","0","20","10","0","false","2","false","true","false","0.01","100","1000","1","100","","0","false","false","false","false","true","1","householder","2","","","","","","","","","","","","","","","","","","","","","","","","true","false","false","43","7735f86c5f103e2db31b70210b94f07297018a51","tanh","0.0005","true","false","1","loss","1","1","true","true","true","0.0005","false","333","0.95","0.925","0.975","0.07134045660495758","1","0.0004414014401845634","1","0.026533901691436768","97.25"
"warm-sweep-59","95.5","3.6742346141747664","4","4","DiagSheafChebyshev","4","800","finished","-","","","2025-09-30T22:21:21.000Z","78","1z4h0de1","false","false","false","adaptive_heun","1","3","","1","2","synthetic_exp","false","cuda:1","[]","0","false","1","false","true","true","false","200","3","0","true","1","false","","1500","0","0","10","200","0.25","20","10","0","false","2","false","true","false","0.01","100","1000","1","100","","0","false","false","false","false","true","1","householder","2","","","","","","","","","","","","","","","","","","","","","","","","true","false","false","43","7735f86c5f103e2db31b70210b94f07297018a51","tanh","0.0005","true","false","1","loss","1","1","true","true","true","0.0005","false","1499","0.975","1","0.975","0.16841880977153778","1","0.0002928865433204919","0.975","0.05168568342924118","95.5"
"olive-sweep-219","96.75","3.172144385112379","4","4","BundleSheafChebyshev","4","800","finished","-","","","2025-10-01T02:25:16.000Z","95","1z4h0de1","false","false","false","adaptive_heun","1","3","","1","2","synthetic_exp","false","cuda:1","[]","0","false","1","false","true","true","false","200","3","0","true","1","false","","1500","0","0","10","200","1","20","10","0","false","2","false","true","false","0.01","100","1000","1","100","","0","false","false","false","false","true","1","householder","2","","","","","","","","","","","","","","","","","","","","","","","","true","false","false","43","7735f86c5f103e2db31b70210b94f07297018a51","tanh","0.0005","true","false","1","loss","1","1","true","true","true","0.0005","false","333","0.95","0.925","0.975","0.07134045660495758","1","0.00044139946112409234","1","0.02653392218053341","97.25"
"playful-sweep-155","95.5","3.6742346141747664","4","4","DiagSheafChebyshev","4","800","finished","-","","","2025-10-01T00:47:57.000Z","80","1z4h0de1","false","false","false","adaptive_heun","1","3","","1","2","synthetic_exp","false","cuda:1","[]","0","false","1","false","true","true","false","200","3","0","true","1","false","","1500","0","0","10","200","0.75","20","10","0","false","2","false","true","false","0.01","100","1000","1","100","","0","false","false","false","false","true","1","householder","2","","","","","","","","","","","","","","","","","","","","","","","","true","false","false","43","7735f86c5f103e2db31b70210b94f07297018a51","tanh","0.0005","true","false","1","loss","1","1","true","true","true","0.0005","false","1499","0.975","1","0.975","0.1684185266494751","1","0.00029288456426002085","0.975","0.051685649901628494","95.5"
"lyric-sweep-107","95.5","3.6742346141747664","4","4","DiagSheafChebyshev","4","800","finished","-","","","2025-09-30T23:34:32.000Z","84","1z4h0de1","false","false","false","adaptive_heun","1","3","","1","2","synthetic_exp","false","cuda:1","[]","0","false","1","false","true","true","false","200","3","0","true","1","false","","1500","0","0","10","200","0.5","20","10","0","false","2","false","true","false","0.01","100","1000","1","100","","0","false","false","false","false","true","1","householder","2","","","","","","","","","","","","","","","","","","","","","","","","true","false","false","43","7735f86c5f103e2db31b70210b94f07297018a51","tanh","0.0005","true","false","1","loss","1","1","true","true","true","0.0005","false","1499","0.975","1","0.975","0.16841931641101837","1","0.0002928855537902564","0.975","0.05168542265892029","95.5"
"solar-sweep-235","95","4.743416490252569","4","4","GeneralSheafChebyshev","4","800","finished","-","","","2025-10-01T02:50:16.000Z","81","1z4h0de1","false","false","false","adaptive_heun","1","3","","1","2","synthetic_exp","false","cuda:1","[]","0","false","1","false","true","true","false","200","3","0","true","1","false","","1500","0","0","10","200","1","20","10","0","false","2","false","true","false","0.01","100","1000","1","100","","0","false","false","false","false","true","1","householder","2","","","","","","","","","","","","","","","","","","","","","","","","true","false","false","43","7735f86c5f103e2db31b70210b94f07297018a51","tanh","0.0005","true","false","1","loss","1","1","true","true","true","0.0005","false","33","0.9","0.975","0.925","0.6209424138069153","1","0.0007889283588156104","0.875","0.7422665357589722","97.25"
"azure-sweep-187","96","4.636809247747851","4","4","GeneralSheafChebyshev","4","800","finished","-","","","2025-10-01T01:36:04.000Z","87","1z4h0de1","false","false","false","adaptive_heun","1","3","","1","2","synthetic_exp","false","cuda:1","[]","0","false","1","false","true","true","false","200","3","0","true","1","false","","1500","0","0","10","200","0.75","20","10","0","false","2","false","true","false","0.01","100","1000","1","100","","0","false","false","false","false","true","1","householder","2","","","","","","","","","","","","","","","","","","","","","","","","true","false","false","43","7735f86c5f103e2db31b70210b94f07297018a51","tanh","0.0005","true","false","1","loss","1","1","true","true","true","0.0005","false","51","0.875","0.975","0.9","0.3846425116062164","1","0.0003548845124896616","0.85","0.4880172610282898","97.75"
"dashing-sweep-75","96.75","3.172144385112379","4","4","BundleSheafChebyshev","4","800","finished","-","","","2025-09-30T22:46:41.000Z","82","1z4h0de1","false","false","false","adaptive_heun","1","3","","1","2","synthetic_exp","false","cuda:1","[]","0","false","1","false","true","true","false","200","3","0","true","1","false","","1500","0","0","10","200","0.25","20","10","0","false","2","false","true","false","0.01","100","1000","1","100","","0","false","false","false","false","true","1","householder","2","","","","","","","","","","","","","","","","","","","","","","","","true","false","false","43","7735f86c5f103e2db31b70210b94f07297018a51","tanh","0.0005","true","false","1","loss","1","1","true","true","true","0.0005","false","333","0.95","0.925","0.975","0.07134044915437698","1","0.0004414014401845634","1","0.02653397247195244","97.25"
"dutiful-sweep-139","95","4.743416490252569","4","4","GeneralSheafChebyshev","4","800","finished","-","","","2025-10-01T00:24:24.000Z","81","1z4h0de1","false","false","false","adaptive_heun","1","3","","1","2","synthetic_exp","false","cuda:1","[]","0","false","1","false","true","true","false","200","3","0","true","1","false","","1500","0","0","10","200","0.5","20","10","0","false","2","false","true","false","0.01","100","1000","1","100","","0","false","false","false","false","true","1","householder","2","","","","","","","","","","","","","","","","","","","","","","","","true","false","false","43","7735f86c5f103e2db31b70210b94f07297018a51","tanh","0.0005","true","false","1","loss","1","1","true","true","true","0.0005","false","33","0.9","0.975","0.9","0.6284887194633484","1","0.0006057096179574728","0.825","0.9450221061706544","97.25"
"cerulean-sweep-91","95","4.743416490252569","4","4","GeneralSheafChebyshev","4","800","finished","-","","","2025-09-30T23:09:53.000Z","91","1z4h0de1","false","false","false","adaptive_heun","1","3","","1","2","synthetic_exp","false","cuda:1","[]","0","false","1","false","true","true","false","200","3","0","true","1","false","","1500","0","0","10","200","0.25","20","10","0","false","2","false","true","false","0.01","100","1000","1","100","","0","false","false","false","false","true","1","householder","2","","","","","","","","","","","","","","","","","","","","","","","","true","false","false","43","7735f86c5f103e2db31b70210b94f07297018a51","tanh","0.0005","true","false","1","loss","1","1","true","true","true","0.0005","false","33","0.9","0.975","0.9","0.5131238698959351","1","0.000383468606742099","0.875","0.5413941144943237","97.25"
"deft-sweep-171","96.75","3.172144385112379","4","4","BundleSheafChebyshev","4","800","finished","-","","","2025-10-01T01:12:01.000Z","112","1z4h0de1","false","false","false","adaptive_heun","1","3","","1","2","synthetic_exp","false","cuda:1","[]","0","false","1","false","true","true","false","200","3","0","true","1","false","","1500","0","0","10","200","0.75","20","10","0","false","2","false","true","false","0.01","100","1000","1","100","","0","false","false","false","false","true","1","householder","2","","","","","","","","","","","","","","","","","","","","","","","","true","false","false","43","7735f86c5f103e2db31b70210b94f07297018a51","tanh","0.0005","true","false","1","loss","1","1","true","true","true","0.0005","false","333","0.95","0.925","0.975","0.07134044915437698","1","0.0004414004506543278","1","0.02653388120234013","97.25"
"giddy-sweep-43","95","4.743416490252569","4","4","GeneralSheafChebyshev","4","800","finished","-","","","2025-09-30T21:57:38.000Z","81","1z4h0de1","false","false","false","adaptive_heun","1","3","","1","2","synthetic_exp","false","cuda:1","[]","0","false","1","false","true","true","false","200","3","0","true","1","false","","1500","0","0","10","200","0","20","10","0","false","2","false","true","false","0.01","100","1000","1","100","","0","false","false","false","false","true","1","householder","2","","","","","","","","","","","","","","","","","","","","","","","","true","false","false","43","7735f86c5f103e2db31b70210b94f07297018a51","tanh","0.0005","true","false","1","loss","1","1","true","true","true","0.0005","false","33","0.9","0.975","0.9","0.542782187461853","1","0.0003777232195716351","0.85","0.5034319162368774","97.25"
"glad-sweep-203","95.5","3.6742346141747664","4","4","DiagSheafChebyshev","4","800","finished","-","","","2025-10-01T02:00:27.000Z","79","1z4h0de1","false","false","false","adaptive_heun","1","3","","1","2","synthetic_exp","false","cuda:1","[]","0","false","1","false","true","true","false","200","3","0","true","1","false","","1500","0","0","10","200","1","20","10","0","false","2","false","true","false","0.01","100","1000","1","100","","0","false","false","false","false","true","1","householder","2","","","","","","","","","","","","","","","","","","","","","","","","true","false","false","43","7735f86c5f103e2db31b70210b94f07297018a51","tanh","0.0005","true","false","1","loss","1","1","true","true","true","0.0005","false","1499","0.975","1","0.975","0.1684195101261139","1","0.00029288456426002085","0.975","0.05168498679995537","95.5"
"major-sweep-128","96.75","3.172144385112379","4","4","BundleSheafChebyshev","5","1000","finished","-","","","2025-10-01T00:07:33.000Z","86","1z4h0de1","false","false","false","adaptive_heun","1","3","","1","2","synthetic_exp","false","cuda:1","[]","0","false","1","false","true","true","false","200","3","0","true","1","false","","1500","0","0","10","200","0.5","20","10","0","false","2","false","true","false","0.01","100","1000","1","100","","0","false","false","false","false","true","1","householder","2","","","","","","","","","","","","","","","","","","","","","","","","true","false","false","43","7735f86c5f103e2db31b70210b94f07297018a51","tanh","0.0005","true","false","1","loss","1","1","true","true","true","0.0005","false","333","0.95","0.925","0.975","0.07134044915437698","1","0.0004414014401845634","1","0.02653394266963005","97.25"
"classic-sweep-176","96.75","3.172144385112379","4","4","BundleSheafChebyshev","5","1000","finished","-","","","2025-10-01T01:20:12.000Z","91","1z4h0de1","false","false","false","adaptive_heun","1","3","","1","2","synthetic_exp","false","cuda:1","[]","0","false","1","false","true","true","false","200","3","0","true","1","false","","1500","0","0","10","200","0.75","20","10","0","false","2","false","true","false","0.01","100","1000","1","100","","0","false","false","false","false","true","1","householder","2","","","","","","","","","","","","","","","","","","","","","","","","true","false","false","43","7735f86c5f103e2db31b70210b94f07297018a51","tanh","0.0005","true","false","1","loss","1","1","true","true","true","0.0005","false","333","0.95","0.925","0.975","0.07134052366018295","1","0.0004414014401845634","1","0.026533927768468857","97.25"
"rural-sweep-240","95","4.743416490252569","4","4","GeneralSheafChebyshev","5","1000","finished","-","","","2025-10-01T02:58:01.000Z","85","1z4h0de1","false","false","false","adaptive_heun","1","3","","1","2","synthetic_exp","false","cuda:1","[]","0","false","1","false","true","true","false","200","3","0","true","1","false","","1500","0","0","10","200","1","20","10","0","false","2","false","true","false","0.01","100","1000","1","100","","0","false","false","false","false","true","1","householder","2","","","","","","","","","","","","","","","","","","","","","","","","true","false","false","43","7735f86c5f103e2db31b70210b94f07297018a51","tanh","0.0005","true","false","1","loss","1","1","true","true","true","0.0005","false","33","0.9","0.975","0.9","0.5920943021774292","1","0.0003923211479559541","0.85","0.6270485520362854","97.25"
"peachy-sweep-112","95.5","3.6742346141747664","4","4","DiagSheafChebyshev","5","1000","finished","-","","","2025-09-30T23:42:18.000Z","64","1z4h0de1","false","false","false","adaptive_heun","1","3","","1","2","synthetic_exp","false","cuda:1","[]","0","false","1","false","true","true","false","200","3","0","true","1","false","","1500","0","0","10","200","0.5","20","10","0","false","2","false","true","false","0.01","100","1000","1","100","","0","false","false","false","false","true","1","householder","2","","","","","","","","","","","","","","","","","","","","","","","","true","false","false","43","7735f86c5f103e2db31b70210b94f07297018a51","tanh","0.0005","true","false","1","loss","1","1","true","true","true","0.0005","false","1499","0.975","1","0.975","0.16841915249824524","1","0.00029288456426002085","0.975","0.05168525129556656","95.5"
"glad-sweep-208","95.5","3.6742346141747664","4","4","DiagSheafChebyshev","5","1000","finished","-","","","2025-10-01T02:08:07.000Z","88","1z4h0de1","false","false","false","adaptive_heun","1","3","","1","2","synthetic_exp","false","cuda:1","[]","0","false","1","false","true","true","false","200","3","0","true","1","false","","1500","0","0","10","200","1","20","10","0","false","2","false","true","false","0.01","100","1000","1","100","","0","false","false","false","false","true","1","householder","2","","","","","","","","","","","","","","","","","","","","","","","","true","false","false","43","7735f86c5f103e2db31b70210b94f07297018a51","tanh","0.0005","true","false","1","loss","1","1","true","true","true","0.0005","false","1499","0.975","1","0.975","0.16841894388198853","1","0.0002928855537902564","0.975","0.051685579121112823","95.5"
"vivid-sweep-96","95","4.743416490252569","4","4","GeneralSheafChebyshev","5","1000","finished","-","","","2025-09-30T23:17:59.000Z","81","1z4h0de1","false","false","false","adaptive_heun","1","3","","1","2","synthetic_exp","false","cuda:1","[]","0","false","1","false","true","true","false","200","3","0","true","1","false","","1500","0","0","10","200","0.25","20","10","0","false","2","false","true","false","0.01","100","1000","1","100","","0","false","false","false","false","true","1","householder","2","","","","","","","","","","","","","","","","","","","","","","","","true","false","false","43","7735f86c5f103e2db31b70210b94f07297018a51","tanh","0.0005","true","false","1","loss","1","1","true","true","true","0.0005","false","33","0.9","0.975","0.925","0.41787490248680115","1","0.000458136317320168","0.85","0.575049102306366","97.25"
"silvery-sweep-192","95.75","3.881043674065005","4","4","GeneralSheafChebyshev","5","1000","finished","-","","","2025-10-01T01:43:39.000Z","92","1z4h0de1","false","false","false","adaptive_heun","1","3","","1","2","synthetic_exp","false","cuda:1","[]","0","false","1","false","true","true","false","200","3","0","true","1","false","","1500","0","0","10","200","0.75","20","10","0","false","2","false","true","false","0.01","100","1000","1","100","","0","false","false","false","false","true","1","householder","2","","","","","","","","","","","","","","","","","","","","","","","","true","false","false","43","7735f86c5f103e2db31b70210b94f07297018a51","tanh","0.0005","true","false","1","loss","1","1","true","true","true","0.0005","false","33","0.925","0.975","0.925","0.35672110319137573","1","0.0003660666407085955","0.85","0.3713424503803253","97.75"
"desert-sweep-64","95.5","3.6742346141747664","4","4","DiagSheafChebyshev","5","1000","finished","-","","","2025-09-30T22:29:06.000Z","83","1z4h0de1","false","false","false","adaptive_heun","1","3","","1","2","synthetic_exp","false","cuda:1","[]","0","false","1","false","true","true","false","200","3","0","true","1","false","","1500","0","0","10","200","0.25","20","10","0","false","2","false","true","false","0.01","100","1000","1","100","","0","false","false","false","false","true","1","householder","2","","","","","","","","","","","","","","","","","","","","","","","","true","false","false","43","7735f86c5f103e2db31b70210b94f07297018a51","tanh","0.0005","true","false","1","loss","1","1","true","true","true","0.0005","false","1499","0.975","1","0.975","0.16841953992843628","1","0.0002928836038336158","0.975","0.051684796810150146","95.5"
"breezy-sweep-32","96.75","3.172144385112379","4","4","BundleSheafChebyshev","5","1000","finished","-","","","2025-09-30T21:41:21.000Z","92","1z4h0de1","false","false","false","adaptive_heun","1","3","","1","2","synthetic_exp","false","cuda:1","[]","0","false","1","false","true","true","false","200","3","0","true","1","false","","1500","0","0","10","200","0","20","10","0","false","2","false","true","false","0.01","100","1000","1","100","","0","false","false","false","false","true","1","householder","2","","","","","","","","","","","","","","","","","","","","","","","","true","false","false","43","7735f86c5f103e2db31b70210b94f07297018a51","tanh","0.0005","true","false","1","loss","1","1","true","true","true","0.0005","false","333","0.95","0.925","0.975","0.07134045660495758","1","0.0004414014401845634","1","0.026533935219049457","97.25"
"solar-sweep-144","95","4.743416490252569","4","4","GeneralSheafChebyshev","5","1000","finished","-","","","2025-10-01T00:31:59.000Z","81","1z4h0de1","false","false","false","adaptive_heun","1","3","","1","2","synthetic_exp","false","cuda:1","[]","0","false","1","false","true","true","false","200","3","0","true","1","false","","1500","0","0","10","200","0.5","20","10","0","false","2","false","true","false","0.01","100","1000","1","100","","0","false","false","false","false","true","1","householder","2","","","","","","","","","","","","","","","","","","","","","","","","true","false","false","43","7735f86c5f103e2db31b70210b94f07297018a51","tanh","0.0005","true","false","1","loss","1","1","true","true","true","0.0005","false","33","0.9","0.975","0.925","0.28210726380348206","1","0.0009063143515959382","0.95","0.23431308567523956","97.25"
"desert-sweep-48","95","4.743416490252569","4","4","GeneralSheafChebyshev","5","1000","finished","-","","","2025-09-30T22:04:43.000Z","92","1z4h0de1","false","false","false","adaptive_heun","1","3","","1","2","synthetic_exp","false","cuda:1","[]","0","false","1","false","true","true","false","200","3","0","true","1","false","","1500","0","0","10","200","0","20","10","0","false","2","false","true","false","0.01","100","1000","1","100","","0","false","false","false","false","true","1","householder","2","","","","","","","","","","","","","","","","","","","","","","","","true","false","false","43","7735f86c5f103e2db31b70210b94f07297018a51","tanh","0.0005","true","false","1","loss","1","1","true","true","true","0.0005","false","33","0.9","0.975","0.9","0.38872936367988586","1","0.0004522854869719594","0.85","0.4732897281646729","97.25"
"exalted-sweep-224","96.75","3.172144385112379","4","4","BundleSheafChebyshev","5","1000","finished","-","","","2025-10-01T02:33:17.000Z","92","1z4h0de1","false","false","false","adaptive_heun","1","3","","1","2","synthetic_exp","false","cuda:1","[]","0","false","1","false","true","true","false","200","3","0","true","1","false","","1500","0","0","10","200","1","20","10","0","false","2","false","true","false","0.01","100","1000","1","100","","0","false","false","false","false","true","1","householder","2","","","","","","","","","","","","","","","","","","","","","","","","true","false","false","43","7735f86c5f103e2db31b70210b94f07297018a51","tanh","0.0005","true","false","1","loss","1","1","true","true","true","0.0005","false","333","0.95","0.925","0.975","0.07134053856134415","1","0.0004414004506543278","1","0.026533862575888634","97.25"
"prime-sweep-16","95.5","3.6742346141747664","4","4","DiagSheafChebyshev","5","1000","finished","-","","","2025-09-30T21:10:50.000Z","136","1z4h0de1","false","false","false","adaptive_heun","1","3","","1","2","synthetic_exp","false","cuda:1","[]","0","false","1","false","true","true","false","200","3","0","true","1","false","","1500","0","0","10","200","0","20","10","0","false","2","false","true","false","0.01","100","1000","1","100","","0","false","false","false","false","true","1","householder","2","","","","","","","","","","","","","","","","","","","","","","","","true","false","false","43","7735f86c5f103e2db31b70210b94f07297018a51","tanh","0.0005","true","false","1","loss","1","1","true","true","true","0.0005","false","1499","0.975","1","0.975","0.16841936111450195","1","0.00029288456426002085","0.975","0.051685504615306854","95.5"
"pretty-sweep-160","95.5","3.6742346141747664","4","4","DiagSheafChebyshev","5","1000","finished","-","","","2025-10-01T00:55:17.000Z","82","1z4h0de1","false","false","false","adaptive_heun","1","3","","1","2","synthetic_exp","false","cuda:1","[]","0","false","1","false","true","true","false","200","3","0","true","1","false","","1500","0","0","10","200","0.75","20","10","0","false","2","false","true","false","0.01","100","1000","1","100","","0","false","false","false","false","true","1","householder","2","","","","","","","","","","","","","","","","","","","","","","","","true","false","false","43","7735f86c5f103e2db31b70210b94f07297018a51","tanh","0.0005","true","false","1","loss","1","1","true","true","true","0.0005","false","1499","0.975","1","0.975","0.1684190034866333","1","0.00029288456426002085","0.975","0.05168552324175835","95.5"
"jolly-sweep-80","96.75","3.172144385112379","4","4","BundleSheafChebyshev","5","1000","finished","-","","","2025-09-30T22:54:11.000Z","86","1z4h0de1","false","false","false","adaptive_heun","1","3","","1","2","synthetic_exp","false","cuda:1","[]","0","false","1","false","true","true","false","200","3","0","true","1","false","","1500","0","0","10","200","0.25","20","10","0","false","2","false","true","false","0.01","100","1000","1","100","","0","false","false","false","false","true","1","householder","2","","","","","","","","","","","","","","","","","","","","","","","","true","false","false","43","7735f86c5f103e2db31b70210b94f07297018a51","tanh","0.0005","true","false","1","loss","1","1","true","true","true","0.0005","false","333","0.95","0.925","0.975","0.07134046405553818","1","0.0004414004506543278","1","0.02653391659259796","97.25"